name,label
saturn/00000118.jpg,saturn
saturn/00000061.jpg,saturn
saturn/00000091.jpg,saturn
saturn/00000111.png,saturn
saturn/00000071.jpg,saturn
saturn/00000056.jpg,saturn
saturn/00000014.jpg,saturn
saturn/00000003.jpg,saturn
saturn/00000075.jpg,saturn
saturn/00000049.jpg,saturn
saturn/00000113.png,saturn
saturn/00000038.jpg,saturn
saturn/00000036.jpg,saturn
saturn/00000033.jpg,saturn
saturn/00000078.jpg,saturn
saturn/00000048.jpg,saturn
saturn/00000101.jpg,saturn
saturn/00000023.jpg,saturn
saturn/00000067.png,saturn
saturn/00000024.jpg,saturn
saturn/00000065.jpg,saturn
saturn/00000012.jpg,saturn
saturn/00000019.jpg,saturn
saturn/00000015.jpg,saturn
saturn/00000099.jpg,saturn
saturn/00000080.jpg,saturn
saturn/00000020.jpg,saturn
saturn/00000011.jpg,saturn
saturn/00000010.jpg,saturn
saturn/00000005.png,saturn
saturn/00000103.jpg,saturn
saturn/00000047.jpg,saturn
saturn/00000110.jpg,saturn
saturn/00000030.jpg,saturn
saturn/00000043.jpg,saturn
saturn/00000017.jpg,saturn
saturn/00000018.jpg,saturn
saturn/00000086.gif,saturn
saturn/00000057.jpg,saturn
saturn/00000089.jpg,saturn
saturn/00000055.jpg,saturn
saturn/00000034.jpg,saturn
saturn/00000095.jpg,saturn
saturn/00000119.jpg,saturn
saturn/00000074.jpg,saturn
saturn/00000006.jpg,saturn
saturn/00000035.jpg,saturn
saturn/00000126.jpg,saturn
saturn/00000073.jpg,saturn
saturn/00000070.jpg,saturn
saturn/00000009.jpg,saturn
saturn/00000084.jpg,saturn
saturn/00000045.jpg,saturn
saturn/00000040.jpg,saturn
saturn/00000092.jpg,saturn
saturn/00000029.jpg,saturn
saturn/00000077.jpg,saturn
saturn/00000041.jpg,saturn
saturn/00000027.png,saturn
saturn/00000025.png,saturn
saturn/00000090.jpg,saturn
saturn/00000083.jpg,saturn
saturn/00000054.jpg,saturn
saturn/00000004.jpg,saturn
saturn/00000066.jpg,saturn
saturn/00000064.jpg,saturn
saturn/00000032.jpg,saturn
saturn/00000046.jpg,saturn
saturn/00000039.png,saturn
saturn/00000007.jpg,saturn
saturn/00000120.png,saturn
saturn/00000105.jpg,saturn
earth/00000118.jpg,earth
earth/00000012.png,earth
earth/00000061.jpg,earth
earth/00000113.jpg,earth
earth/00000013.jpg,earth
earth/00000000.jpg,earth
earth/00000088.jpg,earth
earth/00000059.jpg,earth
earth/00000014.jpg,earth
earth/00000003.jpg,earth
earth/00000136.jpg,earth
earth/00000049.jpg,earth
earth/00000078.jpg,earth
earth/00000117.jpg,earth
earth/00000023.jpg,earth
earth/00000051.jpg,earth
earth/00000108.jpg,earth
earth/00000067.jpg,earth
earth/00000016.jpg,earth
earth/00000025.jpg,earth
earth/00000019.jpg,earth
earth/00000124.jpg,earth
earth/00000094.jpg,earth
earth/00000020.jpg,earth
earth/00000011.jpg,earth
earth/00000010.jpg,earth
earth/00000134.jpg,earth
earth/00000103.jpg,earth
earth/00000098.jpg,earth
earth/00000110.jpg,earth
earth/00000131.jpg,earth
earth/00000021.jpg,earth
earth/00000122.png,earth
earth/00000030.jpg,earth
earth/00000043.jpg,earth
earth/00000127.gif,earth
earth/00000073.jpeg,earth
earth/00000017.jpg,earth
earth/00000022.jpg,earth
earth/00000087.jpg,earth
earth/00000057.jpg,earth
earth/00000055.jpg,earth
earth/00000034.jpg,earth
earth/00000026.jpg,earth
earth/00000018.png,earth
earth/00000119.jpg,earth
earth/00000107.jpg,earth
earth/00000006.jpg,earth
earth/00000066.png,earth
earth/00000027.jpg,earth
earth/00000100.jpg,earth
earth/00000075.png,earth
earth/00000005.jpg,earth
earth/00000070.jpg,earth
earth/00000093.gif,earth
earth/00000009.jpg,earth
earth/00000084.jpg,earth
earth/00000052.jpg,earth
earth/00000045.jpg,earth
earth/00000135.jpg,earth
earth/00000106.jpg,earth
earth/00000077.png,earth
earth/00000029.jpg,earth
earth/00000125.jpg,earth
earth/00000085.jpg,earth
earth/00000137.jpg,earth
earth/00000031.jpg,earth
earth/00000123.png,earth
earth/00000090.jpg,earth
earth/00000062.jpeg,earth
earth/00000004.jpg,earth
earth/00000079.jpg,earth
earth/00000058.png,earth
earth/00000032.jpg,earth
earth/00000072.jpg,earth
earth/00000092.png,earth
earth/00000008.jpg,earth
earth/00000128.jpg,earth
earth/00000039.jpg,earth
earth/00000063.jpg,earth
earth/00000121.jpg,earth
earth/00000015.png,earth
earth/00000076.jpg,earth
earth/00000007.jpg,earth
earth/00000120.jpg,earth
mars/00000061.jpg,mars
mars/00000013.jpg,mars
mars/00000003.jpg,mars
mars/00000046.png,mars
mars/00000038.jpg,mars
mars/00000082.jpg,mars
mars/00000033.jpg,mars
mars/00000053.jpg,mars
mars/00000117.jpg,mars
mars/00000100.png,mars
mars/00000111.jpg,mars
mars/00000051.jpg,mars
mars/00000096.jpg,mars
mars/00000067.png,mars
mars/00000116.jpeg,mars
mars/00000024.jpg,mars
mars/00000065.jpg,mars
mars/00000108.jpg,mars
mars/00000000.gif,mars
mars/00000012.jpg,mars
mars/00000025.jpg,mars
mars/00000015.jpg,mars
mars/00000020.jpg,mars
mars/00000011.jpg,mars
mars/00000106.PNG,mars
mars/00000098.jpg,mars
mars/00000110.jpg,mars
mars/00000115.jpg,mars
mars/00000017.jpg,mars
mars/00000022.jpg,mars
mars/00000018.jpg,mars
mars/00000044.jpg,mars
mars/00000057.jpg,mars
mars/00000089.jpg,mars
mars/00000055.jpg,mars
mars/00000026.jpg,mars
mars/00000119.jpg,mars
mars/00000029.png,mars
mars/00000006.jpg,mars
mars/00000035.jpg,mars
mars/00000027.jpg,mars
mars/00000068.jpg,mars
mars/00000005.jpg,mars
mars/00000070.jpg,mars
mars/00000009.jpg,mars
mars/00000084.jpg,mars
mars/00000014.PNG,mars
mars/00000077.jpg,mars
mars/00000085.jpg,mars
mars/00000041.jpg,mars
mars/00000031.jpg,mars
mars/00000083.jpg,mars
mars/00000004.jpg,mars
mars/00000093.jpg,mars
mars/00000079.jpg,mars
mars/00000066.jpg,mars
mars/00000064.jpg,mars
mars/00000086.jpg,mars
mars/00000032.jpg,mars
mars/00000072.jpg,mars
mars/00000042.jpg,mars
mars/00000095.png,mars
mars/00000008.jpg,mars
mars/00000076.jpg,mars
mars/00000007.jpg,mars
mars/00000074.png,mars
mars/00000049.png,mars
