https://www.wallpaperback.net/wp-content/uploads/2018/06/Wallpaper%20saturn,%20planet,%208k,%20Space%209089310350.jpg
https://en.es-static.us/upl/2019/08/saturn-rings-false-color-voyager-e1565977661817.jpg
https://media.allure.com/photos/5a4eb341b7c30a7324452c0c/16:9/w_2560%2Cc_limit/saturnreturn.jpg
https://thumbs.dreamstime.com/b/saturn-planet-stars-saturn-planet-stars-blue-background-129786387.jpg
https://upload.wikimedia.org/wikipedia/commons/c/c7/Saturn_during_Equinox.jpg
https://space-facts.com/wp-content/uploads/saturn.png
https://ichef.bbci.co.uk/news/660/cpsprodpb/5EF9/production/_109131342_mediaitem109131341.jpg
https://i.ytimg.com/vi/XvTSB5B0d0w/maxresdefault.jpg
https://s3.amazonaws.com/images.spaceref.com/news/2019/ooWsaturn.jpg
https://cdn.mos.cms.futurecdn.net/XFL6HquyTYfQH5L7ztttp3.jpg
http://www.astronomytrek.com/wp-content/uploads/2012/11/saturnspacefacts.jpg
https://cdn.theatlantic.com/assets/media/img/mt/2016/01/Saturn3/lead_720_405.jpg?mod=1533691796
https://images.theconversation.com/files/286855/original/file-20190805-117866-dgviij.jpg?ixlib=rb-1.1.0&q=45&auto=format&w=1200&h=1200.0&fit=crop
https://www.worldatlas.com/r/w728-h425-c728x425/upload/fb/fb/a7/shutterstock-517659922.jpg
https://upload.wikimedia.org/wikipedia/commons/thumb/b/b9/Saturn_and_its_3_moons.jpg/440px-Saturn_and_its_3_moons.jpg
https://www.almanac.com/sites/default/files/styles/primary_image_in_article/public/images/Saturn.jpg?itok=Qq74QSo-
http://cdn.sci-news.com/images/enlarge6/image_7042e-Saturn-Ring-Moons.jpg
https://vignette.wikia.nocookie.net/astronomy/images/c/c8/Saturn81.jpg/revision/latest/scale-to-width-down/340?cb=20090318051902
https://cdn.images.express.co.uk/img/dynamic/151/590x/Saturn-s-rings-could-disappear-1148957.jpg?r=1562250072888
https://www.jpl.nasa.gov/spaceimages/images/largesize/PIA01464_hires.jpg
https://static.independent.co.uk/s3fs-public/thumbnails/image/2018/06/06/15/saturn-nasa.jpg?w968h681
https://cosmos-images1.imgix.net/file/spina/photo/20554/191009_saturn_naming.jpg?ixlib=rails-2.1.4&auto=format&ch=Width%2CDPR&fit=max&w=835
https://earthhow.com/wp-content/uploads/2018/08/Saturn-425x425.jpg
https://solarsystem.nasa.gov/system/resources/detail_files/17845_PIA12567-800w.jpg
https://cdn.images.express.co.uk/img/dynamic/151/590x/Saturn-at-night-how-to-see-Saturn-rings-astronomy-saturn-opposition-closest-Earth-1150859.jpg?r=1562770321805
https://mk0astronomynow9oh6g.kinstacdn.com/wp-content/uploads/2019/06/Saturn_at_opposition_9Jul2019_1564x1173.png
https://www.sciencedaily.com/images/2019/10/191007123234_1_540x360.jpg
https://planetary.s3.amazonaws.com/assets/images/6-saturn/2019/20190912_stsci-h-p1943a-f-2076x1484_f840.png
https://solarsystem.nasa.gov/internal_resources/2535
https://static.standard.co.uk/s3fs-public/thumbnails/image/2019/09/13/08/saturnringsnasa1309a.jpg?w968
https://i.pinimg.com/originals/e3/33/e2/e333e20665d2672a9543f689f6b7e4e3.jpg
https://www.rmg.co.uk/sites/default/files/styles/slider/public/Saturn_diagram.jpg?itok=-rb30sIk
https://cdn.britannica.com/00/81400-050-8BBE1CDA/Saturn-rings-composite-images-spacecraft-Cassini-Shadows-October-6-2004.jpg
https://image.businessinsider.com/5d9b9b4fee40e439eb63de52?width=1100&format=jpeg&auto=webp
https://res.cloudinary.com/dk-find-out/image/upload/q_80,w_1920,f_auto/AW_187527_OUTERPLANETS_Saturn_doegjg.jpg
http://www.seasky.org/solar-system/assets/images/saturn02_sk12.jpg
https://www.kcet.org/sites/kl/files/styles/kl_image_hero/public/thumbnails/image/saturn.jpg?itok=-sohAMEq
https://cdn.images.express.co.uk/img/dynamic/151/590x/secondary/Saturn-is-the-second-closest-planet-to-Earth-1944842.jpg?r=1562250073100
https://cdn.surfnetkids.com/resources/wp-content/uploads/2017/09/saturn-720x427.jpg
https://www.solarsystemscope.com/spacepedia/images/handbook/renders/saturn.png
https://ichef.bbci.co.uk/news/912/mcs/media/images/54056000/jpg/_54056028_000304943-1.jpg
https://wallpapersite.com/images/pages/pic_w/10184.jpg
https://cdn.mos.cms.futurecdn.net/QRY7GSCfZtMX2Fs8T7VtW8-320-80.jpg
http://www.seasky.org/solar-system/assets/images/saturn01_sk12.jpg
https://d2jmvrsizmvf4x.cloudfront.net/BozbVRkHSH6qDV7hZZkJ_the-solar-system-in-english-version-1146842.jpg
https://upload.wikimedia.org/wikipedia/commons/thumb/9/95/PIA17218_%E2%80%93_A_Farewell_to_Saturn%2C_Annotated_Version.jpg/800px-PIA17218_%E2%80%93_A_Farewell_to_Saturn%2C_Annotated_Version.jpg
https://imagesvc.meredithcorp.io/v3/mm/image?url=https%3A%2F%2Fimages.hellogiggles.com%2Fuploads%2F2018%2F04%2F10131543%2Fsaturn.jpg&w=400&c=sc&poi=face&q=85
https://www.thesun.co.uk/wp-content/uploads/2018/12/NINTCHDBPICT000054118718.jpg
https://static.nationalgeographic.co.uk/files/styles/image_1900/public/pia21345-full.jpg
https://solarsystem.nasa.gov/system/news_items/main_images/813_cassini20190117-nasa.jpg
http://tonsoffacts.com/wp-content/uploads/2018/01/1_0w3THvbXm19AEGWwC-wNDA-1180x738.jpeg
https://lookaside.fbsbx.com/lookaside/crawler/media/?media_id=834115463347042
https://mk0astronomynow9oh6g.kinstacdn.com/wp-content/uploads/2019/06/Jupiter-Saturn-Moon_14-17Jul19_12amBST_678x509.gif
https://cdn.mos.cms.futurecdn.net/u7HCPdSutd43Sj9YY6gCWc-320-80.jpg
https://www.geek.com/wp-content/uploads/2019/07/Saturn7819-625x352.jpg
https://static.toiimg.com/thumb/msid-70138363,imgsize-161633,width-400,resizemode-4/70138363.jpg
https://cms.qz.com/wp-content/uploads/2015/05/saturn.jpg?quality=75&strip=all&w=410&h=231
https://ids.si.edu/ids/deliveryService?max_w=400&id=https://airandspace.si.edu/webimages/640/5673_640.jpg
https://www.universetoday.com/wp-content/uploads/2018/05/27092172248_ec77c7e398_b.jpg
https://c8.alamy.com/comp/KH9EYB/this-image-represents-the-internal-structure-of-the-saturn-planet-KH9EYB.jpg
https://media4.s-nbcnews.com/j/newscms/2018_35/2549546/180830-saturn-aurora-al-900_6b32c6f35d094e4e6be36838e4233b9e.fit-760w.gif
https://i.ytimg.com/vi/uE6llKAYi10/maxresdefault.jpg
https://www.rmg.co.uk/sites/default/files/styles/slider/public/PIA01482_Saturn_Montage.jpg?itok=3pn3ZLXP
https://scx1.b-cdn.net/csz/news/800/2015/solarsystem.jpg
https://solarsystem.nasa.gov/system/feature_items/images/151_saturn_carousel_1.jpg
https://i.guim.co.uk/img/media/5d1d7ff06fa0ce8509da0a4bf8076e22701b283a/314_305_2233_1341/master/2233.jpg?width=1200&height=630&quality=85&auto=format&fit=crop&overlay-align=bottom%2Cleft&overlay-width=100p&overlay-base64=L2ltZy9zdGF0aWMvb3ZlcmxheXMvdGctZGVmYXVsdC5wbmc&s=bb7bab8b693fc09662ebe444978df555
https://www.sciencenews.org/wp-content/uploads/2019/10/100819_SB_saturn-moons_feat-1028x579.jpg
https://miro.medium.com/max/3000/0*qCm5JcE1qi9xonH8.png
https://www.universetoday.com/wp-content/uploads/2019/04/Saturn-Photobomb.jpg
https://www.techexplorist.com/wp-content/uploads/2019/04/Third-Planet.jpg
https://scx1.b-cdn.net/csz/news/800/2015/theplanetsat.jpg
https://cff2.earth.com/uploads/2019/01/17234744/Saturn-didn%E2%80%99t-always-have-its-rings-730x410.jpg
https://solarstory.net/img/articles/big/position-of-saturn.jpg
https://www.seriousfacts.com/wp-content/uploads/2019/02/Saturn-is-the-6th-planet-from-Sun-and-is-a-gas-giant..jpg
https://media.voltron.voanews.com/Drupal/01live-166/styles/sourced/s3/2019-06/24B9B92F-8820-4D55-BED2-8A660BFB78EA.jpg?itok=HgD5LOYH
https://www.thefactsite.com/wp-content/uploads/2012/02/saturn.jpg
https://miro.medium.com/max/2625/0*K-_iLpaoMAMlFakr.jpg
https://i.dailymail.co.uk/i/pix/2015/12/02/12/2EFBD69F00000578-0-image-a-34_1449058690947.jpg
https://videohive.img.customer.envatousercontent.com/files/250199799/SATURN%20PLANET%204K.jpg?auto=compress%2Cformat&fit=crop&crop=top&max-h=8000&max-w=590&s=f3aa362540c39fbb98e9bb7c17652ebe
https://cdn.mos.cms.futurecdn.net/xCH7Uazu2aYdT3pRzBrctc-320-80.jpg
https://pixfeeds.com/images/9/343313/1200-480019224-saturn-with-ring.jpg
https://c8.alamy.com/comp/R9TX83/saturn-planet-with-colorful-alien-light-sword-and-starscape-R9TX83.jpg
https://akm-img-a-in.tosshub.com/indiatoday/images/bodyeditor/201901/saturn_nasa_1-770x1117.jpg?Jf1by9TuhnBginxU01FnYnbhZxOZDDQ4
https://imgix.bustle.com/uploads/shutterstock/2019/10/8/85dcc026-66ba-4e84-a8f2-84a6fca33a13-shutterstock-1295020864.jpg?w=1020&h=576&fit=crop&crop=faces&auto=format&q=70
https://www.rmg.co.uk/sites/default/files/styles/slider/public/Saturn_Equinox_09212014.jpg?itok=NIoP5xLk
https://www.extremetech.com/wp-content/uploads/2018/07/sat-mars-640x353.jpg
https://i.cbc.ca/1.4954296.1545330308!/fileImage/httpImage/saturn-rings.gif
https://i.ytimg.com/vi/epZdZaEQhS0/maxresdefault.jpg
https://s1.r29static.com/bin/entry/17c/720x864,85/2170146/image.webp
https://www.extremetech.com/wp-content/uploads/2018/07/heic1814d.jpg
https://img1.cgtrader.com/items/1931287/9a49021aca/planet-saturn-3d-model-obj-mtl-fbx-stl-blend.jpg
https://www.esa.int/var/esa/storage/images/esa_multimedia/images/2004/12/colourful_saturn_getting_closer2/17872779-2-eng-GB/Colourful_Saturn_getting_closer.jpg
https://ak0.picdn.net/shutterstock/videos/21571630/thumb/1.jpg
https://images.indianexpress.com/2019/10/Planet.jpg?w=759&h=422&imflag=true
https://cdn.theatlantic.com/assets/media/img/mt/2016/02/Uranus_Montage_br/lead_720_405.jpg?mod=1533691802
https://astrologerabhisheksoni.com/wp-content/uploads/2019/09/1200-522694441-saturn-planet-1110x630.jpg
http://cdn.sci-news.com/images/enlarge5/image_6731e-Saturns-Rings.jpg
https://mk0astronomynow9oh6g.kinstacdn.com/wp-content/uploads/2018/03/Mars-Saturn-Moon_28Mar-08Apr2018_678x509.gif
https://en.es-static.us/upl/2019/08/saturn-cassini.jpg
http://cdn.spacetelescope.org/archives/images/screen/opo9828c.jpg
https://kidskonnect.com/wp-content/uploads/2019/03/saturn-facts.jpg
https://cdn1.vectorstock.com/i/1000x1000/99/35/planet-saturn-in-space-vector-1669935.jpg
https://physicsworld.com/wp-content/uploads/2019/01/Untitled.png
https://mondrian.mashable.com/uploads%252Fstory%252Fthumbnail%252F38098%252F1e242d8a-04e1-4bc6-a54b-54e84b69e0e5.jpg%252F950x534.jpg?signature=4BQi6QfSs65l0yDJbbFmOqX54wk=&source=https%3A%2F%2Fblueprint-api-production.s3.amazonaws.com
https://cdn5.vectorstock.com/i/1000x1000/37/64/planet-saturn-with-stars-in-outer-space-vector-8873764.jpg
https://static.turbosquid.com/Preview/2015/05/21__05_16_41/PlanetSaturn3dmodel02.jpg86828cee-6bf9-470e-80a6-44b4d535e454Zoom.jpg
http://www.outerplaces.com/media/k2/items/cache/eba36a569e232ef2a5e0bedc2c9e2515_S.jpg
https://images-na.ssl-images-amazon.com/images/I/61PMzPNfwpL._SY355_.jpg
https://image.insider.com/5c9de87f92c8863842624232?width=1100&format=jpeg&auto=webp
http://planetfacts.org/wp-content/uploads/2010/06/Saturn-dancing-lights.jpg
https://thumbor.forbes.com/thumbor/960x0/https%3A%2F%2Fblogs-images.forbes.com%2Fstartswithabang%2Ffiles%2F2019%2F07%2Fsaturn1.jpg
https://planetary.s3.amazonaws.com/assets/images/6-saturn/2018/20180403_s180329a1_northup.png
http://www.thestargarden.co.uk/Images/Saturn-infrared-ring.jpg
https://www.ciarasjourney.com/wp-content/uploads/2019/03/saturn-image-330x242.png
https://theplanets.org/wp-content/uploads/2014/09/saturn-size.jpg
https://img-s-msn-com.akamaized.net/tenant/amp/entityid/AAqnBx1.img?h=552&w=750&m=6&q=60&u=t&o=f&l=f
https://kids.nationalgeographic.com/content/dam/kids/photos/articles/Space/Q-Z/saturn.ngsversion.1421696395731.adapt.710.1.jpg
https://i.ytimg.com/vi/C0IEx562RGo/maxresdefault.jpg
https://media.gannett-cdn.com/29906170001/29906170001_5991111917001_5991111014001-vs.jpg?pubId=29906170001
https://c7.uihere.com/files/619/305/175/earth-solar-system-planet-yellow-jupiter.jpg
https://mk0astronomynow9oh6g.kinstacdn.com/wp-content/uploads/2018/06/Saturn_at_opposition_27Jun2018_678x509.png
https://s3.amazonaws.com/images.spaceref.com/news/2019/ooX9LT.jpg
https://www.thesun.co.uk/wp-content/uploads/2019/03/NINTCHDBPICT000479437109.jpg
http://en.citizendium.org/images/thumb/c/c2/223059main_cassini-20080417-browse.jpg/550px-223059main_cassini-20080417-browse.jpg
https://cdn.theatlantic.com/assets/media/img/mt/2016/02/Uranus_Montage_br/lead_720_405.jpg?mod=1533691802
https://www.scifacts.net/wp-content/uploads/2019/08/facts-of-saturn-for-kids-know-all-about-planet-saturn-5KO1Thf7ABk.jpg
https://www.twincities.com/wp-content/uploads/2018/07/180708lynch-saturn.jpg
https://i.pinimg.com/originals/1d/b9/dc/1db9dc3020c2049afa4d4ce58644a876.jpg
https://mappingignorance.org/fx/media/2013/06/484332main_PIA13405-4x3_946-710.jpg
https://thumbs-prod.si-cdn.com/QiUltGgtnhh6n9fkQpBvu4RxDto=/800x600/filters:no_upscale()/https://public-media.si-cdn.com/filer/60/d0/60d0c138-9e22-4602-9cb5-39485ce16b73/saturn.jpg
https://upload.wikimedia.org/wikipedia/commons/thumb/c/c1/Saturn-map.jpg/350px-Saturn-map.jpg
https://wallpapersite.com/images/wallpapers/saturn-3840x2160-planet-huawei-honor-v8-stock-hd-10177.jpg
https://www.nationalgeographic.com/content/dam/news/2016/12/05/saturn-cassini/01saturn-cassini.ngsversion.1493046004866.adapt.1900.1.jpg
https://mondrian.mashable.com/uploads%252Fstory%252Fthumbnail%252F38098%252F1e242d8a-04e1-4bc6-a54b-54e84b69e0e5.jpg%252F950x534.jpg?signature=4BQi6QfSs65l0yDJbbFmOqX54wk=&source=https%3A%2F%2Fblueprint-api-production.s3.amazonaws.com
https://localtvwhnt.files.wordpress.com/2016/05/saturn1.jpg?quality=85&strip=all&w=770
http://cdn.sci-news.com/images/2018/10/image_6492_1-Cassini-Grand-Finale-Science.jpg
https://cdn3.vectorstock.com/i/1000x1000/14/37/saturn-planet-in-space-with-stars-shiny-cartoon-vector-16631437.jpg
https://ae01.alicdn.com/kf/HTB1JTNMmuSSBuNjy0Flq6zBpVXa3/1pcs-Sun-Jupiter-Saturn-Neptune-Uranus-Earth-Venus-Mars-Mercury-Glowing-Planets-Wall-Stickers-Solar-System.jpg_q50.jpg
https://image.slidesharecdn.com/saturnreport-150814142233-lva1-app6891/95/saturn-report-1-638.jpg?cb=1439562265
https://cdn.images.express.co.uk/img/dynamic/151/590x/saturn-725560.jpg
https://i.ytimg.com/vi/R69apxYl5aU/maxresdefault.jpg
https://i.ytimg.com/vi/KjZf88aBGe8/maxresdefault.jpg
http://katelynjeffrey.net/grid_demo/Simple_Grid-WEB/images/saturn.jpg
https://www.scienceabc.com/wp-content/uploads/2016/04/Saturn-crashing-earth23.jpg
https://cdn.arstechnica.net/wp-content/uploads/2017/09/pia19656_labeled.jpg
https://cdn.mos.cms.futurecdn.net/NQ7L4wfj2EzGUGAMoTxSyE-320-80.jpg
https://cdn.abcotvs.com/dip/images/5385291_070919-cc-accuwx-saturn-opposition-vid.jpg?w=800&r=16%3A9
https://cseligman.com/text/planets/saturnnat.jpg
https://wallpapersite.com/images/pages/pic_w/10924.jpg
https://en.es-static.us/upl/2019/08/jupiter-saturn-dec-2020-Ryan-lg-e1564914578660.jpg
http://www.buymars.com/images/Saturn.gif
https://scx1.b-cdn.net/csz/news/800/2015/1-theplanetsat.jpg
https://i.cbc.ca/1.4287840.1505425502!/fileImage/httpImage/image.jpg_gen/derivatives/16x9_780/saturn-rings-solstice.jpg
https://www.sciencenews.org/wp-content/uploads/2019/10/100819_SB_saturn-moons_feat-1028x579.jpg
https://cdn.shopify.com/s/files/1/1979/5379/articles/planets-at-opposition-2018-skysafari_300x300.jpg?v=1521141479
https://scitechdaily.com/images/Astronomers-Discover-a-Hot-Saturn-Like-Planet-KELT-6b.jpg
https://cdn.images.express.co.uk/img/dynamic/151/590x/Diamonds-are-raining-from-Saturn-1149594.jpg?r=1562328519755
https://natgeo.imgix.net/factsheets/thumbnails/Article%20-%20Ringless%20Saturn%20The%20Planet's%20Famous%20Feature%20May%20Be%20Surprisingly%20Young.jpg?auto=compress,format&w=1600&h=900&fit=crop
http://www.astronomy.com/~/media/7AF2383820734DC08C67EECCFFDED3DF.jpg
https://thumbs.dreamstime.com/z/realistic-planets-solar-system-planet-space-universe-galaxy-sun-moon-saturn-mercury-jupiter-venus-comet-uranus-pluto-realistic-145496119.jpg
https://i.ytimg.com/vi/RPhYabbThkA/maxresdefault.jpg
https://cdn2.vectorstock.com/i/1000x1000/08/31/saturn-planet-with-ring-system-cosmos-space-vector-27090831.jpg
https://planetary.s3.amazonaws.com/assets/images/6-saturn/2012/20120909_jbny02sqq_drzcolormarch12_f537.jpg
https://images.tweaktown.com/news/6/7/67975_01_saturn-surpasses-jupiter-discovery-20-new-moons.jpg
https://www.sciencenews.org/wp-content/uploads/2017/08/081917_reviews_main.jpg
https://cdn0.tnwcdn.com/wp-content/blogs.dir/1/files/2019/10/saturnmoons-796x448.jpg
http://cdn.sci-news.com/images/enlarge5/image_6376_1e-Saturn-Hexagon.jpg
https://pixfeeds.com/images/astronomy/universe/1280-1200-490885872-saturn-planet.jpg
https://comps.canstockphoto.com/planet-saturn-galaxy-stock-illustration_csp58331763.jpg
https://cdn.mos.cms.futurecdn.net/PnpbN6WexjimzMyeKjjN5F-320-80.jpg
https://i0.wp.com/www.compatibilityclub.com/wp-content/uploads/2018/07/saturn-shani-vedic-astrology-canstockphoto16948914.png?fit=373%2C225&ssl=1
https://media.istockphoto.com/photos/abstract-cosmos-background-space-elements-of-this-image-furnished-by-picture-id645502000?k=6&m=645502000&s=612x612&w=0&h=52y3z1khTYCwCTwCLZybGODvnCWJt_secIdH4P9fTh0=
https://www.universetoday.com/wp-content/uploads/2009/12/Moons_of_Saturn_2007.jpg
https://media.wired.com/photos/5b64aafdf6d47809bff3a538/master/pass/SPOW_08032018_2.jpg
https://i.ytimg.com/vi/zIR2No_LHAY/hqdefault.jpg
https://public.nrao.edu/wp-content/uploads/2015/01/imagesnon-gallery2015d-finley01-03-SaturnSaturnLabels_nrao-1170x600.jpg
https://kbimages1-a.akamaihd.net/48f81d3e-aa90-4cb7-8d5b-5c79b9d69aae/353/569/90/False/saturn-planets-in-our-solar-system-children-s-astronomy-edition.jpg
https://askastrology.com/wp-content/uploads/2018/11/saturn-768x405.jpeg
http://planetfacts.org/wp-content/uploads/2010/05/Saturn_high-res-temp-pac-man-like-image.jpg
https://www.techexplorist.com/wp-content/uploads/2018/06/planet-saturn.jpg
https://c8.alamy.com/comp/H2W7KG/3d-rendering-of-the-planet-saturn-elements-of-this-image-furnished-H2W7KG.jpg
https://nails.newsela.com/s3/newsela-media/article_media/extra/SolarSystem.png?width=750&compression=85
https://cdn.britannica.com/s:s:300x200/86/145486-138-7F4444EA/Voyager-2-journey-Uranus-Saturn-Jan-24-1986.jpg
https://st3.depositphotos.com/2763494/14590/v/1600/depositphotos_145900727-stock-illustration-saturn-planet-banner.jpg
https://cdn2.vectorstock.com/i/1000x1000/87/06/saturn-planet-with-rings-vector-20648706.jpg
https://media.gettyimages.com/videos/journey-through-the-solar-system-us-saturn-jupiter-mars-earth-video-id135906294?s=640x640
https://s1.ibtimes.com/sites/www.ibtimes.com/files/styles/lg/public/2014/04/16/saturn-solar-refraction.jpg
https://compote.slate.com/images/13483ea9-8ef9-49bd-81fc-7cb62be03eaf.jpg
https://rekordeast.co.za/wp-content/uploads/sites/110/2019/01/8f037b7aa05e1e9084ce4c56b639a7aa69de61c0-520x400.jpg
https://cbsnews3.cbsistatic.com/hub/i/r/2019/07/09/9b068910-c9fb-4b2e-bec6-c5a51090b20c/thumbnail/1200x630/1050c2652de7c53a1679e55cb0e1b81f/saturn-rings5-en.jpg
https://ichef.bbci.co.uk/news/1024/cpsprodpb/5A49/production/_92731132_whatsubject.jpg
https://cdn.vox-cdn.com/thumbor/ApJJObMHKtkS0YemTT1ocmBXPXs=/0x0:2899x1014/1200x800/filters:focal(1219x276:1681x738)/cdn.vox-cdn.com/uploads/chorus_image/image/62872341/PIA18320_full.0.jpg
https://ak3.picdn.net/shutterstock/videos/1014010763/thumb/1.jpg
https://stories.butler.edu/sites/default/files/styles/focus_style/public/planet-parade.jpg?itok=f4gFmOCV
https://i.ytimg.com/vi/0dNH-odX4qE/hqdefault.jpg
https://nineplanets.org/wp-content/uploads/2019/09/saturn.png
https://ourplanets.net/wp-content/uploads/2019/04/Saturn-Planet-1024x576.jpg
https://www.esa.int/var/esa/storage/images/esa_multimedia/images/2013/02/saturn_bowshock/12528299-2-eng-GB/Saturn_bowshock_pillars.jpg
https://wallpapershome.com/images/pages/pic_v/15621.jpg
https://www.kidzone.ws/images-changed/planets/saturn2.jpg
https://i.cbc.ca/1.4954296.1545330308!/fileImage/httpImage/image.gif_gen/derivatives/original_620/saturn-rings.gif
https://cdn-image.travelandleisure.com/sites/default/files/styles/1600x1000/public/1551291930/solar-system-planets-ALIGN0219.jpg?itok=G-dKLisV
https://thumbs.dreamstime.com/z/planet-saturn-starry-nebula-planet-saturn-starry-nebula-background-painted-steven-russell-smith-using-digital-141305279.jpg
https://static2.bigstockphoto.com/9/5/1/large1500/159086591.jpg
https://cdn.imgbin.com/9/23/18/imgbin-saturn-planet-solar-system-earth-planet-RQktxy0fM1QzpSNH5rNaT90fs.jpg
https://scx1.b-cdn.net/csz/news/800/2018/newsaturnsto.jpg
https://cdn5.vectorstock.com/i/1000x1000/60/29/saturn-realistic-planet-is-isolated-on-the-cosmic-vector-21136029.jpg
https://www.pxwall.com/wp-content/uploads/2018/06/Wallpaper%20Saturn,%20planet,%20purple,%204k,%20Space%20921692687.jpg
https://cseligman.com/text/planets/saturnabove.jpg
https://previews.123rf.com/images/ilonitta/ilonitta1905/ilonitta190500178/122469133-solar-system-with-saturn-planet-and-comets-with-tails-astronomy-and-cosmos-celestial-objects-astrolo.jpg
https://c8.alamy.com/comp/FRF4HJ/saturn-planet-solar-system-space-isolated-illustration-FRF4HJ.jpg
https://media.gettyimages.com/photos/saturn-picture-id105496101?s=612x612
https://cmkt-image-prd.freetls.fastly.net/0.1.0/ps/5934592/600/400/m2/fpnw/wm1/bright-realistic-saturn-planet-on-colorful-deep-space-background-with-bright-stars-and-constellations-.jpg?1550917545&s=7611db1f78a11dbebc182e802ec2d120
https://image.slidesharecdn.com/saturn-carawinnell-100727120710-phpapp01/95/planet-saturn-1-728.jpg?cb=1280237724
https://planetary.s3.amazonaws.com/assets/images/charts-diagrams/2016/20160318_ssc2009-19b_Med.jpg
https://yourbitofspace.com/2017/wp-content/uploads/2018/02/saturn.png
https://s1.1zoom.me/big0/570/Planets_Jupiter_Saturn_446823.jpg
https://space-facts.com/wp/wp-content/uploads/saturn-size.png
https://upload.wikimedia.org/wikipedia/commons/thumb/b/b9/Infrared_Ring_Around_Saturn.jpg/400px-Infrared_Ring_Around_Saturn.jpg
https://www.abc.net.au/news/image/10370220-3x2-700x467.jpg
https://static01.nyt.com/images/2016/06/02/science/2TB-Saturn1/2TB-Saturn1-articleLarge.jpg?quality=75&auto=webp&disable=upscale
https://p7.hiclipart.com/preview/339/142/557/earth-saturn-planet-natural-satellite-earth.jpg
https://images.fineartamerica.com/images/artworkimages/mediumlarge/1/1-planet-saturn-galaxy-ezume-images.jpg
https://www.wallpaperfool.com/wp-content/uploads/2019/03/Saturn-planet-dark-background-800x600.jpg
http://cdn8.dissolve.com/p/D308_111_061/D308_111_061_0004_600.jpg
https://thumbs-prod.si-cdn.com/bqCj5B2L8cIiNOTnATbFzLND7lw=/420x240/https://public-media.si-cdn.com/filer/60/d0/60d0c138-9e22-4602-9cb5-39485ce16b73/saturn.jpg
http://s1.1zoom.me/b5950/163/Planets_Saturn_planet_Planetary_ring_519593_1600x1200.jpg
https://comps.canstockphoto.com/saturn-planet-solar-system-clip-art-vector_csp45979962.jpg
https://cdn.images.express.co.uk/img/dynamic/151/590x/secondary/Uranus-has-similar-features-to-Saturn-1951125.jpg?r=1562656175205
https://images.wallpaperscraft.com/image/saturn_planet_space_127666_2560x1440.jpg
https://images.fineartamerica.com/images/artworkimages/mediumlarge/2/saturn-planet-antonio-m-rosario.jpg
https://d1k5w7mbrh6vq5.cloudfront.net/images/cache/3f/a8/89/3fa889af1b1deb116c42350a920a6ff9.jpg
https://images.vexels.com/media/users/3/149371/preview2/e893cf9b4e20ffbfac9195200e88b348-saturn-planet-illustration.jpg
https://i.pinimg.com/originals/da/91/13/da9113b5aa91a42a5a9917c3131f3db8.jpg
https://st4.depositphotos.com/2980753/20206/v/1600/depositphotos_202064794-stock-illustration-saturn-vector-cartoon-illustration-planet.jpg
https://i.ytimg.com/vi/0bcm_Pb1sws/maxresdefault.jpg
https://i1.sndcdn.com/artworks-000371199093-5ezoo1-t500x500.jpg
https://cdn5.vectorstock.com/i/1000x1000/41/34/saturn-planet-icon-isolated-on-dark-background-vector-6294134.jpg
https://www.backgroundscool.com/wp-content/uploads/2019/02/saturn_planet_ring_130763_938x1668-576x1024.jpg
https://media.istockphoto.com/vectors/saturn-planet-icon-in-cartoon-style-on-a-white-background-vector-id845622702
https://static.scientificamerican.com/sciam/cache/file/C507D1AB-CC50-49CA-A2D3D40101C2B766_source.png?w=590&h=800&7FBE3240-E52E-4EF8-B4B5772B267115AC
https://thumbs.dreamstime.com/z/saturn-planet-neon-icon-elements-space-set-simple-websites-web-design-mobile-app-info-graphics-dark-gradient-background-148370404.jpg
https://en.es-static.us/upl/2016/06/saturn-ring-orientation-Hubble-e1464519903149.jpg
https://www.astrologyzone.com/wp-content/uploads/2016/04/AZ_Planets_Saturn.jpg
https://as2.ftcdn.net/jpg/01/03/20/03/500_F_103200385_UHqkKlIf6roozkO0s9kQ0fuAj12e2nhM.jpg
https://st.focusedcollection.com/13422768/i/650/focused_243606412-stock-photo-illustration-saturn-planet-rings-black.jpg
https://image.shutterstock.com/image-illustration/exoplanet-rings-gas-giant-saturn-450w-1295349892.jpg
https://www.clipartwiki.com/clipimg/detail/95-955362_ftestickers-galaxy-saturn-planets-space-universe.png
https://previews.123rf.com/images/darkfoxelixir/darkfoxelixir1908/darkfoxelixir190800111/128223431-saturn-planet-back-silhouette-river-and-mountain-inght-sky.jpg
https://66.media.tumblr.com/ceb313ad5ef2266248bfd4820afcfe8d/tumblr_ol2imwEYxe1uxvh0qo1_400.jpg
https://c8.alamy.com/comp/W0T2WX/male-astronaut-in-outer-space-illustration-interstellar-traveler-cosmonaut-in-spacesuit-floating-in-cosmos-cartoon-vector-character-saturn-solar-system-planet-sun-in-cosmic-sky-drawing-W0T2WX.jpg
https://www.spaceanswers.com/wp-content/uploads/2016/10/556863main_jupiter_1_lg.jpg
https://static.independent.co.uk/s3fs-public/thumbnails/image/2017/04/26/15/cassini2.jpg?w968h681
https://img.pixers.pics/pho_wat(s3:700/FO/97/87/07/67/700_FO97870767_2f21ddf09ce6306c3d256d8a94b6479e.jpg,700,616,cms:2018/10/5bd1b6b8d04b8_220x50-watermark.png,over,480,566,jpg)/posters-astrology-astronomy-earth-space-solar-system-creation-saturn-planet-mars-moon-elements-of-this-image-furnished-by-nasa.jpg.jpg
https://cdn.pixabay.com/photo/2016/05/06/08/47/space-1375449_960_720.png
https://st.depositphotos.com/1039372/3045/i/950/depositphotos_30456671-stock-photo-saturn-planet-of-the-solar.jpg
https://planetary.s3.amazonaws.com/assets/images/6-saturn/2015/20150707_Saturn-Widescreen----Color-Overlay-for-Frame-001.png
https://globsol.info/wp-content/uploads/2019/10/Saturn-Planet-Galaxy-quotcute-and-beautiful-solar-planet-space-galaxy-science-Saturn-Galaxy-Planet-.jpg
https://static.vecteezy.com/system/resources/previews/000/190/848/non_2x/saturn-planet-on-galaxy-vector.jpg
https://pixnio.com/free-images/2016/02/04/2016-02-04_21-13-39.png
https://cdn2.vectorstock.com/i/1000x1000/05/46/saturn-realistic-planet-vector-21810546.jpg
https://static.turbosquid.com/Preview/2019/04/14__07_51_34/01.jpg41779F58-22B5-48B0-B319-6210E5F3535EDefaultHQ.jpg
https://nimax-img.de/Produktbilder/normal/1507_2/Planet-Poster-Editions-Poster-Planet-Saturn.jpg
https://cseligman.com/text/planets/saturnnat2.jpg
https://ksr-ugc.imgix.net/assets/021/798/690/58dfba3ec8fb64f711096f06e7c4b698_original.jpg?ixlib=rb-2.1.0&crop=faces&w=1552&h=873&fit=crop&v=1530999818&auto=format&frame=1&q=92&s=3dd34f416a919ec6eca43a8fec876601
https://media.gettyimages.com/photos/colour-photograph-of-the-planet-saturn-taken-from-voyager-1-voyager-1-picture-id921871168
https://imagesvc.meredithcorp.io/v3/mm/image?url=https%3A%2F%2Fcdn-image.travelandleisure.com%2Fsites%2Fdefault%2Ffiles%2Fstyles%2F1600x1000%2Fpublic%2F1493828487%2Fsaturn-planet-space-SOUNDS0517.jpg%3Fitok%3DbNfi-Ty_&w=400&c=sc&poi=face&q=85
https://lookaside.fbsbx.com/lookaside/crawler/media/?media_id=1915234912022979
https://cdn.vox-cdn.com/thumbor/JWXNeVP8aTaDhewg1BYzIOqd6JA=/447x0:2569x1266/1200x800/filters:focal(1420x263:1900x743)/cdn.vox-cdn.com/uploads/chorus_image/image/54380517/PIA21438.0.jpg
https://cdn.images.express.co.uk/img/dynamic/151/590x/secondary/saturn-pictures-nasa-hubble-space-telescope-greatest-photos-2101219.jpg?r=1570641414506
https://mk0astronomynow9oh6g.kinstacdn.com/wp-content/uploads/2015/05/Saturn_near_Antares_at_opposition_940x637.jpg
https://c8.alamy.com/comp/TCE0JP/saturn-planet-of-the-solar-system-science-wallpaper-elements-of-this-image-furnished-by-nasa-TCE0JP.jpg
https://i0.wp.com/foreverconscious.com/wp-content/uploads/2017/05/saturn-and-galactic-center.jpg?fit=600%2C407&ssl=1
http://d366w3m5tf0813.cloudfront.net/wp-content/uploads/Conjunction-wide-Mars-Sat-S_T-July_final.jpg
http://cdn.spacetelescope.org/archives/images/screen/opo0323a.jpg
https://cdn.pixabay.com/photo/2017/01/31/23/47/saturn-2028281_960_720.png
https://ak7.picdn.net/shutterstock/videos/1022975857/thumb/1.jpg
https://www.go-astronomy.com/images/planets/planet-saturn-arc.jpg
https://scx1.b-cdn.net/csz/news/800/2004/2-saturn.jpg
https://ae01.alicdn.com/kf/HTB1x3UolGSWBuNjSsrbq6y0mVXa0/wongshi-Nordic-Creative-Universe-Planet-Acrylic-Pendant-Light-Moon-Sun-Earth-Mars-Uranus-Mercury-Jupiter-Saturn.jpg
https://image.freepik.com/free-vector/computer-saturn-planet-blur-background-virtual-reality_24908-20818.jpg
https://img5.goodfon.com/wallpaper/nbig/a/cb/saturn-planet-rings-cosmos-simple-background-black-backgroun.jpg
https://cseligman.com/text/planets/saturn100215.jpg
https://st2.depositphotos.com/2800301/6515/i/950/depositphotos_65156689-stock-photo-fantastic-saturn-planet-in-deep.jpg
https://wallpaperaccess.com/full/160368.jpg
https://images.techtimes.com/data/images/full/338815/new-planet-similar-to-earth.jpg?w=600&h=300
https://images.clipartlogo.com/files/istock/previews/5563/55637576-saturn-planet.jpg
https://i.etsystatic.com/12806260/r/il/924b3e/1002019470/il_570xN.1002019470_n2e2.jpg
https://www.renderhub.com/virtual-creator-and-creature/incredible-hd-saturn-planet/incredible-hd-saturn-planet-03.jpg
https://res.cloudinary.com/teepublic/image/private/s--MD9G1OgX--/t_Preview/b_rgb:191919,c_limit,f_jpg,h_630,q_90,w_630/v1510337888/production/designs/2043312_1.jpg
https://img.haikudeck.com/mg/9CB20665-DC58-4EA8-8730-B5B96F5E3C73.jpg
http://www.planetnarnia.com/assets/images/55/1nhbl3/saturn.jpg
http://cdn.shopify.com/s/files/1/1325/0879/articles/full-article-astrology-zodiac-horoscope-planet-meaning-energy-signs-cheat-sheet-saturn_1024x1024.png?v=1516764312
https://cdn.shopify.com/s/files/1/1979/5379/files/Moon-with-planets-at-opposition-2018-skysafari_2048x2048.jpg?v=1521132816
https://cdn4.vectorstock.com/i/1000x1000/96/93/colorful-poster-of-the-planet-saturn-in-the-space-vector-15849693.jpg
https://wallpapershome.com/images/pages/pic_v/16840.jpg
https://previews.123rf.com/images/djvstock/djvstock1708/djvstock170805752/83678815-saturn-planet-icon-over-galaxy-background-colorful-design-vector-illustration.jpg
https://i2.wp.com/astrobob.areavoices.com/files/2019/10/Saturn-20-llustration.jpg
https://www.theplanetstoday.com/images/planet-infographic-saturn.png
https://www.kidzone.ws/images-changed/planets/saturn.gif
https://img5.goodfon.com/wallpaper/nbig/1/fd/gas-planet-by-starkitecktdesigns-starkitecktdesigns-planeta.jpg
https://dl0.creation.com/articles/p136/c13662/Saturn.jpg
http://hdqwalls.com/wallpapers/saturn-planet-illustration-minimalist-3w.jpg
https://d.newsweek.com/en/full/671465/09-26-mittens-saturn-kitten.jpg
https://cdn.pixabay.com/photo/2015/04/12/19/18/saturn-719332_960_720.png
https://c8.alamy.com/comp/WB0FK7/saturn-planet-of-the-solar-system-science-wallpaper-elements-of-this-image-furnished-by-nasa-WB0FK7.jpg
https://www.muralswallpaper.com/app/uploads/saturn-space-room-1-820x532.jpg
https://gdn.mr4iot.com/images/home/solar-system/mini/index/carousel/nasa-saturn.jpg?v=0531
https://cdn.images.express.co.uk/img/dynamic/151/590x/1150697_1.jpg
https://theplanets.org/wp-content/uploads/2014/09/gas-giant-distance.jpg
https://cdn.mos.cms.futurecdn.net/wWZxdP4dnzbNXftsmFHtvc.jpg
https://www.wallpaperback.net/wp-content/uploads/2018/06/Wallpaper%20Saturn,%20planet,%204k,%20Space%20702087099.jpg
https://images.immediate.co.uk/production/volatile/sites/25/2019/08/Saturn_aurora-9aea666.jpg?quality=45&resize=620,413
https://cdn.images.express.co.uk/img/dynamic/151/590x/blood-moon-planets-993628.jpg?r=1532447010668
https://img.freepik.com/free-vector/space-with-saturn-planet-universe-scene_24911-50548.jpg?size=626&ext=jpg
https://images.fineartamerica.com/images/artworkimages/mediumlarge/1/saturn-planet-space-and-part-of-solar-system-sofia-metal-queen.jpg
https://www.lampandowl.co.uk/static/uploads/2015/12/saturn-hd-planet-1152093.jpg
https://i2-prod.mirror.co.uk/incoming/article14206635.ece/ALTERNATES/s615/0_NASA.jpg
https://timedotcom.files.wordpress.com/2015/04/hs-2009-12-a-full_jpg.jpg
https://www.astrology.com/images-US/hubs/planet-saturn.gif
https://cdn.britannica.com/s:s:300x200/83/145483-138-3995D132/Overview-mission-Cassini-Huygens-Saturn.jpg
https://media.gettyimages.com/photos/suturn-picture-id155156545?s=612x612
https://st3.depositphotos.com/1048883/18171/v/600/depositphotos_181718148-stock-video-destination-saturn-giant-spaceship-flies.jpg
https://en.es-static.us/upl/2017/01/saturn-antares-moon-1-24-2017-Annie-Lewis-Madrid-Spain-e1485258618964.jpg
https://nimax-img.de/Produktbilder/normal/1507_1/Planet-Poster-Editions-Poster-Planet-Saturn.jpg
https://comps.canstockphoto.com/planet-saturn-isolated-stock-illustrations_csp48728077.jpg
https://i.pinimg.com/originals/d1/1c/3f/d11c3f3bb815085e030052d6b848b380.jpg
https://news.files.bbci.co.uk/include/shorthand/37687/media/zzzzzzfinalb1920-19276-artwork-7608_p-16926_-mr.jpg
https://thumbs-prod.si-cdn.com/CC0fT51I4GEKgtpXLTlcfnB0Usc=/fit-in/1600x0/https://public-media.si-cdn.com/filer/60/d0/60d0c138-9e22-4602-9cb5-39485ce16b73/saturn.jpg
https://upload.wikimedia.org/wikipedia/commons/thumb/4/4f/Moons_of_solar_system_v7.jpg/330px-Moons_of_solar_system_v7.jpg
https://cseligman.com/text/planets/saturnbluegold.jpg
https://cdn10.picryl.com/photo/1984/09/28/the-planet-saturn-as-seen-from-space-b8ad1c-1024.jpg
https://cdn11.bigcommerce.com/s-iem2p/images/stencil/500x500/products/21799/42145/planet-pool-float-saturn-bigmouth__80889.1548862831.jpg?c=2
https://previews.123rf.com/images/mackoflower/mackoflower1711/mackoflower171100023/90159774-saturn-planet-solar-system-with-stars-in-3d-illustration-background.jpg
https://thumbs.dreamstime.com/z/saturn-planet-solar-system-science-wallpaper-elements-image-furnished-nasa-saturn-planet-solar-system-150513942.jpg
https://images.wallpaperscraft.com/image/saturn_planet_space_rings_belt_104348_1280x720.jpg
http://www.planetposter.de/saturn-dt/satgr.JPG
https://www.journalposts.com/wp-content/uploads/2019/08/saturn-UFO.jpg
https://media.giphy.com/media/3o7buctjKD8g5r4544/giphy.gif
https://cdn5.vectorstock.com/i/1000x1000/45/59/saturn-planet-icon-realistic-style-vector-22654559.jpg
https://j3t4e2t8.stackpathcdn.com/assets/files/resource_images/jupiter-pattern.jpg
https://pixfeeds.com/images/astronomy/saturn/1280-1200-472537964-red-saturn-image.jpg
https://media1.tenor.com/images/99a86f0df4a3252d2ec3971804e3ea2a/tenor.gif?itemid=15253661
http://cdn.shopify.com/s/files/1/1172/4574/products/025_3f5ff0bc-2fcf-4a73-a9d4-c084911b606a_grande.jpg?v=1549501720
https://st4.depositphotos.com/1652584/20888/v/600/depositphotos_208882984-stock-video-satellite-titan-rotating-orbiting-saturn.jpg
https://fscomps.fotosearch.com/compc/CSP/CSP458/planet-saturn-galaxy-drawing__k42313512.jpg
https://static.turbosquid.com/Preview/2019/08/18__14_54_51/01Thumbnail.jpgE8AE588B-2184-4B18-85F0-94B6EAC90A8DZoom.jpg
https://scx1.b-cdn.net/csz/news/800/2019/saturnsmoonm.jpg
https://comps.canstockphoto.com/saturn-planet-3d-vector-illustration-drawing_csp40023198.jpg
http://www.ucolick.org/~mountain/AAA/aaawiki/lib/exe/fetch.php?w=300&h=&cache=cache&media=uranusa.jpg
https://www.liveabout.com/thmb/4NzVJq7GeL6Yv6_aWBM-t-9u09o=/768x0/filters:no_upscale():max_bytes(150000):strip_icc()/saturn-planet-in-solar-system--close-up-85757157-5b2c54cca9d4f90037bb5998.jpg
https://i.pinimg.com/originals/b2/3c/55/b23c55b1c57c0327fa3842228defc368.jpg
https://s1.1zoom.me/b5050/777/Planets_Saturn_planet_Planetary_ring_519623_3840x2400.jpg
https://www.researchgate.net/profile/Junjun_Liu4/publication/41479966/figure/fig1/AS:669539176022025@1536641987472/The-relative-size-of-four-giant-planets-Jupiter-Saturn-Uranus-and-Neptune-Adapted.png
https://cosmicintelligenceagency.com/content/wp-content/uploads/2011/04/SaturnPlanet-300x300.jpg
https://media.gettyimages.com/vectors/planet-saturn-vector-vector-id165060389?s=612x612
https://www.clipartwiki.com/clipimg/detail/16-169713_saturn-transparent-png-saturn-planet-transparent-background.png
https://res.cloudinary.com/twenty20/private_images/t_watermark-criss-cross-10/v1535821718000/photosp/cf5ed45e-0a64-4626-9fe9-30b1146f1cc4/stock-photo-sun-dust-purple-space-planet-rungs-saturn-cf5ed45e-0a64-4626-9fe9-30b1146f1cc4.jpg
https://s2.dmcdn.net/v/Kz_ZN1PPyAszAuNy5/x240
https://paintingvalley.com/images/saturn-planet-painting-4.jpg
https://img.pixers.pics/pho_wat(s3:700/FO/42/25/45/00/700_FO42254500_a734579e5cef877450fb48261f29d489.jpg,700,485,cms:2018/10/5bd1b6b8d04b8_220x50-watermark.png,over,480,435,jpg)/stickers-alien-planet-and-a-saturn-like-planet.jpg.jpg
https://globsol.info/wp-content/uploads/2019/10/Info-On-the-Planet-Saturn-saturn-planet-On-Planet-the-Info-Saturn-.jpg
https://www.wallpaperback.net/wp-content/uploads/2018/06/Wallpaper%20Saturn,%20planet,%208k,%20Space%206508212156.jpg
https://cdn.shopify.com/s/files/1/0552/7645/products/planet-saturn-3d-color-change-nightlight-lighting-590-15cm-geekyget-6.jpg?v=1569967982
http://nextluxury.com/wp-content/uploads/saturn-tattoo-ideas-for-males.jpg
https://thumbs.dreamstime.com/z/saturn-science-fiction-space-wallpaper-incredibly-beautiful-planets-galaxies-dark-cold-beauty-endless-universe-high-quality-136698662.jpg
https://i.gifer.com/LXXq.gif
https://us.123rf.com/450wm/bischy/bischy1308/bischy130800002/21927377-planet-earth-and-saturn-in-size-comparison.jpg?ver=6
https://sites.google.com/site/sstfhsppock2/_/rsrc/1368667616151/home/saturn/Planet%20saturn.jpg
https://desfoli.de/media/image/da/46/1d/R0019_600x600.jpg
https://resize.hswstatic.com/w_907/gif/Saturn-oblate-spheroid.jpg
https://www.universetoday.com/wp-content/uploads/2008/07/saturninfrared.jpg
https://myscienceshop.com/-/media/images/posters/81015.jpg?mw=610
https://i.pinimg.com/474x/d4/5b/c7/d45bc7a67c618a2ae4160c2892b5feae--saturn-planet-planet-s.jpg
https://media.gettyimages.com/videos/saturn-spin-loopable-elements-isolated-with-luma-matte-video-id596468068?s=640x640
https://www.hurnandhurn.com/images/neon-planet-saturn-table-lamp-with-concrete-base-p8116-32779_image.jpg
https://img.pixers.pics/pho_wat(s3:700/FO/89/77/53/90/700_FO89775390_0ef8cc9818d1c3e4f96344d4af166639.jpg,492,700,cms:2018/10/5bd1b6b8d04b8_220x50-watermark.png,over,272,650,jpg)/stickers-astronauts-spaceman-outer-space-solar-system-saturn-planet-universe-elements-of-this-image-furnished-by-nasa.jpg.jpg
https://s22380.pcdn.co/wp-content/uploads/Saturn-combo_m3.jpg
https://www.clipartmax.com/png/middle/442-4420188_ring-system-planet-rings-of-saturn-planet-cartoon-with-rings.png
https://img1.cgtrader.com/items/143292/8130f63e22/large/incredible-hd-saturn-planet-3d-model-3d-model-animated-max.jpg
https://static.turbosquid.com/Preview/2018/10/21__03_34_37/Thumbnail_1.jpg31E8073B-BAAE-4848-AFFF-E1C7C27AFB2AZoom.jpg
https://d2gg9evh47fn9z.cloudfront.net/800px_COLOURBOX26522967.jpg
https://static.boredpanda.com/blog/wp-content/uploads/2016/01/five-planets-align-mercury-venus-mars-jupiter-saturn-fb.png
https://image.shutterstock.com/display_pic_with_logo/168120682/1034404918/stock-vector-outer-space-abstract-background-with-amazing-nebula-galaxy-and-big-saturn-planet-on-a-million-stars-1034404918.jpg
https://images-na.ssl-images-amazon.com/images/I/51jDkS9FDxL._SX348_BO1,204,203,200_.jpg
https://media.istockphoto.com/photos/planets-of-the-solar-system-jupiter-saturn-uranus-neptuno-earth-venus-picture-id997118430
https://t4.ftcdn.net/jpg/02/46/87/37/500_F_246873751_G2JGtuQ99MW17eYa22xF7dwg10GGbEFi.jpg
https://pixfeeds.com/images/astronomy/planets/1280-1200-609924708-saturn-planet.jpg
https://i0.web.de/image/414/33478414,pd=2/saturn.jpg
https://c8.alamy.com/comp/H4YHE3/saturn-planet-with-a-system-of-rings-sculpture-of-the-planet-saturn-H4YHE3.jpg
https://previews.123rf.com/images/designprojects/designprojects1804/designprojects180401736/100450194-realistic-beautiful-planet-saturn-from-deep-space-3d-rendering.jpg
https://www.infoplease.com/images/07alm_planet-saturn-rings.jpg
https://thumbs.dreamstime.com/z/astronomy-saturn-planet-hand-drawn-colorful-art-kawaii-style-invitation-elements-isolated-vector-illustration-tattoo-astrology-93026807.jpg
https://www.clipartwiki.com/clipimg/detail/221-2215508_planet-clipart-transparent-background-saturn-clip-art.png
https://c4.wallpaperflare.com/wallpaper/77/453/284/saturn-planet-solar-system-planetary-rings-space-saturn-planet-wallpaper-preview.jpg
https://get.wallhere.com/photo/500px-Saturn-planet-space-space-art-digital-art-1286733.jpg
https://planetary.s3.amazonaws.com/assets/images/6-saturn/2017/20170517_saturnsatellitesizes_Coarse500m-pixel.png
https://image.slidesharecdn.com/saturnreport-150814142233-lva1-app6891/95/saturn-report-2-638.jpg?cb=1439562265
https://media1.tenor.com/images/199c64639c0ccbe78382795b77b67399/tenor.gif?itemid=14125235
https://media.gettyimages.com/videos/saturns-rings-video-id618595659?s=640x640